"SUBJECT","Subject","LOCATION","Country","FREQUENCY","Frequency","TIME","Time","Unit Code","Unit","PowerCode Code","PowerCode","Reference Period Code","Reference Period","Value","Flag Codes","Flags"
"MANM","Narrow Money (M1) Index, SA","USA","United States","M","Monthly","1980-01","Jan-1980","IDX","Index","0","Units","2015_100","2015=100",12.7686,,
"MANM","Narrow Money (M1) Index, SA","USA","United States","M","Monthly","1980-02","Feb-1980","IDX","Index","0","Units","2015_100","2015=100",12.91091,,
"MANM","Narrow Money (M1) Index, SA","USA","United States","M","Monthly","1980-03","Mar-1980","IDX","Index","0","Units","2015_100","2015=100",12.85465,,
"MANM","Narrow Money (M1) Index, SA","USA","United States","M","Monthly","1980-04","Apr-1980","IDX","Index","0","Units","2015_100","2015=100",12.7024,,
"MANM","Narrow Money (M1) Index, SA","USA","United States","M","Monthly","1980-05","May-1980","IDX","Index","0","Units","2015_100","2015=100",12.7355,,
"MANM","Narrow Money (M1) Index, SA","USA","United States","M","Monthly","1980-06","Jun-1980","IDX","Index","0","Units","2015_100","2015=100",12.87782,,
"MANM","Narrow Money (M1) Index, SA","USA","United States","M","Monthly","1980-07","Jul-1980","IDX","Index","0","Units","2015_100","2015=100",13.03999,,
"MANM","Narrow Money (M1) Index, SA","USA","United States","M","Monthly","1980-08","Aug-1980","IDX","Index","0","Units","2015_100","2015=100",13.21209,,
"MANM","Narrow Money (M1) Index, SA","USA","United States","M","Monthly","1980-09","Sep-1980","IDX","Index","0","Units","2015_100","2015=100",13.39743,,
"MANM","Narrow Money (M1) Index, SA","USA","United States","M","Monthly","1980-10","Oct-1980","IDX","Index","0","Units","2015_100","2015=100",13.53644,,
"MANM","Narrow Money (M1) Index, SA","USA","United States","M","Monthly","1980-11","Nov-1980","IDX","Index","0","Units","2015_100","2015=100",13.5927,,
"MANM","Narrow Money (M1) Index, SA","USA","United States","M","Monthly","1980-12","Dec-1980","IDX","Index","0","Units","2015_100","2015=100",13.51989,,
"MANM","Narrow Money (M1) Index, SA","USA","United States","M","Monthly","1981-01","Jan-1981","IDX","Index","0","Units","2015_100","2015=100",13.61256,,
"MANM","Narrow Money (M1) Index, SA","USA","United States","M","Monthly","1981-02","Feb-1981","IDX","Index","0","Units","2015_100","2015=100",13.72839,,
"MANM","Narrow Money (M1) Index, SA","USA","United States","M","Monthly","1981-03","Mar-1981","IDX","Index","0","Units","2015_100","2015=100",13.8674,,
"MANM","Narrow Money (M1) Index, SA","USA","United States","M","Monthly","1981-04","Apr-1981","IDX","Index","0","Units","2015_100","2015=100",14.14541,,
"MANM","Narrow Money (M1) Index, SA","USA","United States","M","Monthly","1981-05","May-1981","IDX","Index","0","Units","2015_100","2015=100",14.05605,,
"MANM","Narrow Money (M1) Index, SA","USA","United States","M","Monthly","1981-06","Jun-1981","IDX","Index","0","Units","2015_100","2015=100",14.0726,,
"MANM","Narrow Money (M1) Index, SA","USA","United States","M","Monthly","1981-07","Jul-1981","IDX","Index","0","Units","2015_100","2015=100",14.12886,,
"MANM","Narrow Money (M1) Index, SA","USA","United States","M","Monthly","1981-08","Aug-1981","IDX","Index","0","Units","2015_100","2015=100",14.12886,,
"MANM","Narrow Money (M1) Index, SA","USA","United States","M","Monthly","1981-09","Sep-1981","IDX","Index","0","Units","2015_100","2015=100",14.13217,,
"MANM","Narrow Money (M1) Index, SA","USA","United States","M","Monthly","1981-10","Oct-1981","IDX","Index","0","Units","2015_100","2015=100",14.17851,,
"MANM","Narrow Money (M1) Index, SA","USA","United States","M","Monthly","1981-11","Nov-1981","IDX","Index","0","Units","2015_100","2015=100",14.27449,,
"MANM","Narrow Money (M1) Index, SA","USA","United States","M","Monthly","1981-12","Dec-1981","IDX","Index","0","Units","2015_100","2015=100",14.45321,,
"MANM","Narrow Money (M1) Index, SA","USA","United States","M","Monthly","1982-01","Jan-1982","IDX","Index","0","Units","2015_100","2015=100",14.65178,,
"MANM","Narrow Money (M1) Index, SA","USA","United States","M","Monthly","1982-02","Feb-1982","IDX","Index","0","Units","2015_100","2015=100",14.62531,,
"MANM","Narrow Money (M1) Index, SA","USA","United States","M","Monthly","1982-03","Mar-1982","IDX","Index","0","Units","2015_100","2015=100",14.65178,,
"MANM","Narrow Money (M1) Index, SA","USA","United States","M","Monthly","1982-04","Apr-1982","IDX","Index","0","Units","2015_100","2015=100",14.79741,,
"MANM","Narrow Money (M1) Index, SA","USA","United States","M","Monthly","1982-05","May-1982","IDX","Index","0","Units","2015_100","2015=100",14.78417,,
"MANM","Narrow Money (M1) Index, SA","USA","United States","M","Monthly","1982-06","Jun-1982","IDX","Index","0","Units","2015_100","2015=100",14.81065,,
"MANM","Narrow Money (M1) Index, SA","USA","United States","M","Monthly","1982-07","Jul-1982","IDX","Index","0","Units","2015_100","2015=100",14.8272,,
"MANM","Narrow Money (M1) Index, SA","USA","United States","M","Monthly","1982-08","Aug-1982","IDX","Index","0","Units","2015_100","2015=100",14.93972,,
"MANM","Narrow Money (M1) Index, SA","USA","United States","M","Monthly","1982-09","Sep-1982","IDX","Index","0","Units","2015_100","2015=100",15.12175,,
"MANM","Narrow Money (M1) Index, SA","USA","United States","M","Monthly","1982-10","Oct-1982","IDX","Index","0","Units","2015_100","2015=100",15.37329,,
"MANM","Narrow Money (M1) Index, SA","USA","United States","M","Monthly","1982-11","Nov-1982","IDX","Index","0","Units","2015_100","2015=100",15.60496,,
"MANM","Narrow Money (M1) Index, SA","USA","United States","M","Monthly","1982-12","Dec-1982","IDX","Index","0","Units","2015_100","2015=100",15.71418,,
"MANM","Narrow Money (M1) Index, SA","USA","United States","M","Monthly","1983-01","Jan-1983","IDX","Index","0","Units","2015_100","2015=100",15.79361,,
"MANM","Narrow Money (M1) Index, SA","USA","United States","M","Monthly","1983-02","Feb-1983","IDX","Index","0","Units","2015_100","2015=100",16.02859,,
"MANM","Narrow Money (M1) Index, SA","USA","United States","M","Monthly","1983-03","Mar-1983","IDX","Index","0","Units","2015_100","2015=100",16.2371,,
"MANM","Narrow Money (M1) Index, SA","USA","United States","M","Monthly","1983-04","Apr-1983","IDX","Index","0","Units","2015_100","2015=100",16.32315,,
"MANM","Narrow Money (M1) Index, SA","USA","United States","M","Monthly","1983-05","May-1983","IDX","Index","0","Units","2015_100","2015=100",16.54821,,
"MANM","Narrow Money (M1) Index, SA","USA","United States","M","Monthly","1983-06","Jun-1983","IDX","Index","0","Units","2015_100","2015=100",16.6806,,
"MANM","Narrow Money (M1) Index, SA","USA","United States","M","Monthly","1983-07","Jul-1983","IDX","Index","0","Units","2015_100","2015=100",16.80636,,
"MANM","Narrow Money (M1) Index, SA","USA","United States","M","Monthly","1983-08","Aug-1983","IDX","Index","0","Units","2015_100","2015=100",16.89572,,
"MANM","Narrow Money (M1) Index, SA","USA","United States","M","Monthly","1983-09","Sep-1983","IDX","Index","0","Units","2015_100","2015=100",16.97184,,
"MANM","Narrow Money (M1) Index, SA","USA","United States","M","Monthly","1983-10","Oct-1983","IDX","Index","0","Units","2015_100","2015=100",17.11747,,
"MANM","Narrow Money (M1) Index, SA","USA","United States","M","Monthly","1983-11","Nov-1983","IDX","Index","0","Units","2015_100","2015=100",17.17704,,
"MANM","Narrow Money (M1) Index, SA","USA","United States","M","Monthly","1983-12","Dec-1983","IDX","Index","0","Units","2015_100","2015=100",17.25647,,
"MANM","Narrow Money (M1) Index, SA","USA","United States","M","Monthly","1984-01","Jan-1984","IDX","Index","0","Units","2015_100","2015=100",17.37893,,
"MANM","Narrow Money (M1) Index, SA","USA","United States","M","Monthly","1984-02","Feb-1984","IDX","Index","0","Units","2015_100","2015=100",17.45836,,
"MANM","Narrow Money (M1) Index, SA","USA","United States","M","Monthly","1984-03","Mar-1984","IDX","Index","0","Units","2015_100","2015=100",17.58744,,
"MANM","Narrow Money (M1) Index, SA","USA","United States","M","Monthly","1984-04","Apr-1984","IDX","Index","0","Units","2015_100","2015=100",17.70658,,
"MANM","Narrow Money (M1) Index, SA","USA","United States","M","Monthly","1984-05","May-1984","IDX","Index","0","Units","2015_100","2015=100",17.76285,,
"MANM","Narrow Money (M1) Index, SA","USA","United States","M","Monthly","1984-06","Jun-1984","IDX","Index","0","Units","2015_100","2015=100",17.87868,,
"MANM","Narrow Money (M1) Index, SA","USA","United States","M","Monthly","1984-07","Jul-1984","IDX","Index","0","Units","2015_100","2015=100",17.90185,,
"MANM","Narrow Money (M1) Index, SA","USA","United States","M","Monthly","1984-08","Aug-1984","IDX","Index","0","Units","2015_100","2015=100",17.90516,,
"MANM","Narrow Money (M1) Index, SA","USA","United States","M","Monthly","1984-09","Sep-1984","IDX","Index","0","Units","2015_100","2015=100",17.97466,,
"MANM","Narrow Money (M1) Index, SA","USA","United States","M","Monthly","1984-10","Oct-1984","IDX","Index","0","Units","2015_100","2015=100",17.99452,,
"MANM","Narrow Money (M1) Index, SA","USA","United States","M","Monthly","1984-11","Nov-1984","IDX","Index","0","Units","2015_100","2015=100",18.12029,,
"MANM","Narrow Money (M1) Index, SA","USA","United States","M","Monthly","1984-12","Dec-1984","IDX","Index","0","Units","2015_100","2015=100",18.25598,,
"MANM","Narrow Money (M1) Index, SA","USA","United States","M","Monthly","1985-01","Jan-1985","IDX","Index","0","Units","2015_100","2015=100",18.43471,,
"MANM","Narrow Money (M1) Index, SA","USA","United States","M","Monthly","1985-02","Feb-1985","IDX","Index","0","Units","2015_100","2015=100",18.65314,,
"MANM","Narrow Money (M1) Index, SA","USA","United States","M","Monthly","1985-03","Mar-1985","IDX","Index","0","Units","2015_100","2015=100",18.75243,,
"MANM","Narrow Money (M1) Index, SA","USA","United States","M","Monthly","1985-04","Apr-1985","IDX","Index","0","Units","2015_100","2015=100",18.8782,,
"MANM","Narrow Money (M1) Index, SA","USA","United States","M","Monthly","1985-05","May-1985","IDX","Index","0","Units","2015_100","2015=100",19.03375,,
"MANM","Narrow Money (M1) Index, SA","USA","United States","M","Monthly","1985-06","Jun-1985","IDX","Index","0","Units","2015_100","2015=100",19.27205,,
"MANM","Narrow Money (M1) Index, SA","USA","United States","M","Monthly","1985-07","Jul-1985","IDX","Index","0","Units","2015_100","2015=100",19.4971,,
"MANM","Narrow Money (M1) Index, SA","USA","United States","M","Monthly","1985-08","Aug-1985","IDX","Index","0","Units","2015_100","2015=100",19.73208,,
"MANM","Narrow Money (M1) Index, SA","USA","United States","M","Monthly","1985-09","Sep-1985","IDX","Index","0","Units","2015_100","2015=100",19.96707,,
"MANM","Narrow Money (M1) Index, SA","USA","United States","M","Monthly","1985-10","Oct-1985","IDX","Index","0","Units","2015_100","2015=100",20.116,,
"MANM","Narrow Money (M1) Index, SA","USA","United States","M","Monthly","1985-11","Nov-1985","IDX","Index","0","Units","2015_100","2015=100",20.26163,,
"MANM","Narrow Money (M1) Index, SA","USA","United States","M","Monthly","1985-12","Dec-1985","IDX","Index","0","Units","2015_100","2015=100",20.51316,,
"MANM","Narrow Money (M1) Index, SA","USA","United States","M","Monthly","1986-01","Jan-1986","IDX","Index","0","Units","2015_100","2015=100",20.56611,,
"MANM","Narrow Money (M1) Index, SA","USA","United States","M","Monthly","1986-02","Feb-1986","IDX","Index","0","Units","2015_100","2015=100",20.69188,,
"MANM","Narrow Money (M1) Index, SA","USA","United States","M","Monthly","1986-03","Mar-1986","IDX","Index","0","Units","2015_100","2015=100",20.96658,,
"MANM","Narrow Money (M1) Index, SA","USA","United States","M","Monthly","1986-04","Apr-1986","IDX","Index","0","Units","2015_100","2015=100",21.2148,,
"MANM","Narrow Money (M1) Index, SA","USA","United States","M","Monthly","1986-05","May-1986","IDX","Index","0","Units","2015_100","2015=100",21.57887,,
"MANM","Narrow Money (M1) Index, SA","USA","United States","M","Monthly","1986-06","Jun-1986","IDX","Index","0","Units","2015_100","2015=100",21.86349,,
"MANM","Narrow Money (M1) Index, SA","USA","United States","M","Monthly","1986-07","Jul-1986","IDX","Index","0","Units","2015_100","2015=100",22.18453,,
"MANM","Narrow Money (M1) Index, SA","USA","United States","M","Monthly","1986-08","Aug-1986","IDX","Index","0","Units","2015_100","2015=100",22.46254,,
"MANM","Narrow Money (M1) Index, SA","USA","United States","M","Monthly","1986-09","Sep-1986","IDX","Index","0","Units","2015_100","2015=100",22.75048,,
"MANM","Narrow Money (M1) Index, SA","USA","United States","M","Monthly","1986-10","Oct-1986","IDX","Index","0","Units","2015_100","2015=100",22.9987,,
"MANM","Narrow Money (M1) Index, SA","USA","United States","M","Monthly","1986-11","Nov-1986","IDX","Index","0","Units","2015_100","2015=100",23.34621,,
"MANM","Narrow Money (M1) Index, SA","USA","United States","M","Monthly","1986-12","Dec-1986","IDX","Index","0","Units","2015_100","2015=100",23.98497,,
"MANM","Narrow Money (M1) Index, SA","USA","United States","M","Monthly","1987-01","Jan-1987","IDX","Index","0","Units","2015_100","2015=100",24.167,,
"MANM","Narrow Money (M1) Index, SA","USA","United States","M","Monthly","1987-02","Feb-1987","IDX","Index","0","Units","2015_100","2015=100",24.18355,,
"MANM","Narrow Money (M1) Index, SA","USA","United States","M","Monthly","1987-03","Mar-1987","IDX","Index","0","Units","2015_100","2015=100",24.28615,,
"MANM","Narrow Money (M1) Index, SA","USA","United States","M","Monthly","1987-04","Apr-1987","IDX","Index","0","Units","2015_100","2015=100",24.62043,,
"MANM","Narrow Money (M1) Index, SA","USA","United States","M","Monthly","1987-05","May-1987","IDX","Index","0","Units","2015_100","2015=100",24.68331,,
"MANM","Narrow Money (M1) Index, SA","USA","United States","M","Monthly","1987-06","Jun-1987","IDX","Index","0","Units","2015_100","2015=100",24.59726,,
"MANM","Narrow Money (M1) Index, SA","USA","United States","M","Monthly","1987-07","Jul-1987","IDX","Index","0","Units","2015_100","2015=100",24.59064,,
"MANM","Narrow Money (M1) Index, SA","USA","United States","M","Monthly","1987-08","Aug-1987","IDX","Index","0","Units","2015_100","2015=100",24.65352,,
"MANM","Narrow Money (M1) Index, SA","USA","United States","M","Monthly","1987-09","Sep-1987","IDX","Index","0","Units","2015_100","2015=100",24.74288,,
"MANM","Narrow Money (M1) Index, SA","USA","United States","M","Monthly","1987-10","Oct-1987","IDX","Index","0","Units","2015_100","2015=100",25.02751,,
"MANM","Narrow Money (M1) Index, SA","USA","United States","M","Monthly","1987-11","Nov-1987","IDX","Index","0","Units","2015_100","2015=100",24.92822,,
"MANM","Narrow Money (M1) Index, SA","USA","United States","M","Monthly","1987-12","Dec-1987","IDX","Index","0","Units","2015_100","2015=100",24.82893,,
"MANM","Narrow Money (M1) Index, SA","USA","United States","M","Monthly","1988-01","Jan-1988","IDX","Index","0","Units","2015_100","2015=100",25.02751,,
"MANM","Narrow Money (M1) Index, SA","USA","United States","M","Monthly","1988-02","Feb-1988","IDX","Index","0","Units","2015_100","2015=100",25.07716,,
"MANM","Narrow Money (M1) Index, SA","USA","United States","M","Monthly","1988-03","Mar-1988","IDX","Index","0","Units","2015_100","2015=100",25.21285,,
"MANM","Narrow Money (M1) Index, SA","USA","United States","M","Monthly","1988-04","Apr-1988","IDX","Index","0","Units","2015_100","2015=100",25.42136,,
"MANM","Narrow Money (M1) Index, SA","USA","United States","M","Monthly","1988-05","May-1988","IDX","Index","0","Units","2015_100","2015=100",25.54051,,
"MANM","Narrow Money (M1) Index, SA","USA","United States","M","Monthly","1988-06","Jun-1988","IDX","Index","0","Units","2015_100","2015=100",25.75894,,
"MANM","Narrow Money (M1) Index, SA","USA","United States","M","Monthly","1988-07","Jul-1988","IDX","Index","0","Units","2015_100","2015=100",25.86154,,
"MANM","Narrow Money (M1) Index, SA","USA","United States","M","Monthly","1988-08","Aug-1988","IDX","Index","0","Units","2015_100","2015=100",25.92443,,
"MANM","Narrow Money (M1) Index, SA","USA","United States","M","Monthly","1988-09","Sep-1988","IDX","Index","0","Units","2015_100","2015=100",25.93766,,
"MANM","Narrow Money (M1) Index, SA","USA","United States","M","Monthly","1988-10","Oct-1988","IDX","Index","0","Units","2015_100","2015=100",25.92443,,
"MANM","Narrow Money (M1) Index, SA","USA","United States","M","Monthly","1988-11","Nov-1988","IDX","Index","0","Units","2015_100","2015=100",25.97738,,
"MANM","Narrow Money (M1) Index, SA","USA","United States","M","Monthly","1988-12","Dec-1988","IDX","Index","0","Units","2015_100","2015=100",26.03695,,
"MANM","Narrow Money (M1) Index, SA","USA","United States","M","Monthly","1989-01","Jan-1989","IDX","Index","0","Units","2015_100","2015=100",26.00386,,
"MANM","Narrow Money (M1) Index, SA","USA","United States","M","Monthly","1989-02","Feb-1989","IDX","Index","0","Units","2015_100","2015=100",25.94097,,
"MANM","Narrow Money (M1) Index, SA","USA","United States","M","Monthly","1989-03","Mar-1989","IDX","Index","0","Units","2015_100","2015=100",25.9145,,
"MANM","Narrow Money (M1) Index, SA","USA","United States","M","Monthly","1989-04","Apr-1989","IDX","Index","0","Units","2015_100","2015=100",25.78873,,
"MANM","Narrow Money (M1) Index, SA","USA","United States","M","Monthly","1989-05","May-1989","IDX","Index","0","Units","2015_100","2015=100",25.64972,,
"MANM","Narrow Money (M1) Index, SA","USA","United States","M","Monthly","1989-06","Jun-1989","IDX","Index","0","Units","2015_100","2015=100",25.60008,,
"MANM","Narrow Money (M1) Index, SA","USA","United States","M","Monthly","1989-07","Jul-1989","IDX","Index","0","Units","2015_100","2015=100",25.74239,,
"MANM","Narrow Money (M1) Index, SA","USA","United States","M","Monthly","1989-08","Aug-1989","IDX","Index","0","Units","2015_100","2015=100",25.79535,,
"MANM","Narrow Money (M1) Index, SA","USA","United States","M","Monthly","1989-09","Sep-1989","IDX","Index","0","Units","2015_100","2015=100",25.8483,,
"MANM","Narrow Money (M1) Index, SA","USA","United States","M","Monthly","1989-10","Oct-1989","IDX","Index","0","Units","2015_100","2015=100",26.03364,,
"MANM","Narrow Money (M1) Index, SA","USA","United States","M","Monthly","1989-11","Nov-1989","IDX","Index","0","Units","2015_100","2015=100",26.07667,,
"MANM","Narrow Money (M1) Index, SA","USA","United States","M","Monthly","1989-12","Dec-1989","IDX","Index","0","Units","2015_100","2015=100",26.24215,,
"MANM","Narrow Money (M1) Index, SA","USA","United States","M","Monthly","1990-01","Jan-1990","IDX","Index","0","Units","2015_100","2015=100",26.32489,,
"MANM","Narrow Money (M1) Index, SA","USA","United States","M","Monthly","1990-02","Feb-1990","IDX","Index","0","Units","2015_100","2015=100",26.41425,,
"MANM","Narrow Money (M1) Index, SA","USA","United States","M","Monthly","1990-03","Mar-1990","IDX","Index","0","Units","2015_100","2015=100",26.52678,,
"MANM","Narrow Money (M1) Index, SA","USA","United States","M","Monthly","1990-04","Apr-1990","IDX","Index","0","Units","2015_100","2015=100",26.67902,,
"MANM","Narrow Money (M1) Index, SA","USA","United States","M","Monthly","1990-05","May-1990","IDX","Index","0","Units","2015_100","2015=100",26.61614,,
"MANM","Narrow Money (M1) Index, SA","USA","United States","M","Monthly","1990-06","Jun-1990","IDX","Index","0","Units","2015_100","2015=100",26.76838,,
"MANM","Narrow Money (M1) Index, SA","USA","United States","M","Monthly","1990-07","Jul-1990","IDX","Index","0","Units","2015_100","2015=100",26.81141,,
"MANM","Narrow Money (M1) Index, SA","USA","United States","M","Monthly","1990-08","Aug-1990","IDX","Index","0","Units","2015_100","2015=100",26.99675,,
"MANM","Narrow Money (M1) Index, SA","USA","United States","M","Monthly","1990-09","Sep-1990","IDX","Index","0","Units","2015_100","2015=100",27.14568,,
"MANM","Narrow Money (M1) Index, SA","USA","United States","M","Monthly","1990-10","Oct-1990","IDX","Index","0","Units","2015_100","2015=100",27.13575,,
"MANM","Narrow Money (M1) Index, SA","USA","United States","M","Monthly","1990-11","Nov-1990","IDX","Index","0","Units","2015_100","2015=100",27.20856,,
"MANM","Narrow Money (M1) Index, SA","USA","United States","M","Monthly","1990-12","Dec-1990","IDX","Index","0","Units","2015_100","2015=100",27.29462,,
"MANM","Narrow Money (M1) Index, SA","USA","United States","M","Monthly","1991-01","Jan-1991","IDX","Index","0","Units","2015_100","2015=100",27.37736,,
"MANM","Narrow Money (M1) Index, SA","USA","United States","M","Monthly","1991-02","Feb-1991","IDX","Index","0","Units","2015_100","2015=100",27.55608,,
"MANM","Narrow Money (M1) Index, SA","USA","United States","M","Monthly","1991-03","Mar-1991","IDX","Index","0","Units","2015_100","2015=100",27.75797,,
"MANM","Narrow Money (M1) Index, SA","USA","United States","M","Monthly","1991-04","Apr-1991","IDX","Index","0","Units","2015_100","2015=100",27.90359,,
"MANM","Narrow Money (M1) Index, SA","USA","United States","M","Monthly","1991-05","May-1991","IDX","Index","0","Units","2015_100","2015=100",28.09224,,
"MANM","Narrow Money (M1) Index, SA","USA","United States","M","Monthly","1991-06","Jun-1991","IDX","Index","0","Units","2015_100","2015=100",28.3537,,
"MANM","Narrow Money (M1) Index, SA","USA","United States","M","Monthly","1991-07","Jul-1991","IDX","Index","0","Units","2015_100","2015=100",28.51587,,
"MANM","Narrow Money (M1) Index, SA","USA","United States","M","Monthly","1991-08","Aug-1991","IDX","Index","0","Units","2015_100","2015=100",28.68797,,
"MANM","Narrow Money (M1) Index, SA","USA","United States","M","Monthly","1991-09","Sep-1991","IDX","Index","0","Units","2015_100","2015=100",28.78395,,
"MANM","Narrow Money (M1) Index, SA","USA","United States","M","Monthly","1991-10","Oct-1991","IDX","Index","0","Units","2015_100","2015=100",29.05865,,
"MANM","Narrow Money (M1) Index, SA","USA","United States","M","Monthly","1991-11","Nov-1991","IDX","Index","0","Units","2015_100","2015=100",29.37638,,
"MANM","Narrow Money (M1) Index, SA","USA","United States","M","Monthly","1991-12","Dec-1991","IDX","Index","0","Units","2015_100","2015=100",29.68749,,
"MANM","Narrow Money (M1) Index, SA","USA","United States","M","Monthly","1992-01","Jan-1992","IDX","Index","0","Units","2015_100","2015=100",30.13098,,
"MANM","Narrow Money (M1) Index, SA","USA","United States","M","Monthly","1992-02","Feb-1992","IDX","Index","0","Units","2015_100","2015=100",30.62081,,
"MANM","Narrow Money (M1) Index, SA","USA","United States","M","Monthly","1992-03","Mar-1992","IDX","Index","0","Units","2015_100","2015=100",31.00142,,
"MANM","Narrow Money (M1) Index, SA","USA","United States","M","Monthly","1992-04","Apr-1992","IDX","Index","0","Units","2015_100","2015=100",31.2364,,
"MANM","Narrow Money (M1) Index, SA","USA","United States","M","Monthly","1992-05","May-1992","IDX","Index","0","Units","2015_100","2015=100",31.46145,,
"MANM","Narrow Money (M1) Index, SA","USA","United States","M","Monthly","1992-06","Jun-1992","IDX","Index","0","Units","2015_100","2015=100",31.58391,,
"MANM","Narrow Money (M1) Index, SA","USA","United States","M","Monthly","1992-07","Jul-1992","IDX","Index","0","Units","2015_100","2015=100",31.88178,,
"MANM","Narrow Money (M1) Index, SA","USA","United States","M","Monthly","1992-08","Aug-1992","IDX","Index","0","Units","2015_100","2015=100",32.22598,,
"MANM","Narrow Money (M1) Index, SA","USA","United States","M","Monthly","1992-09","Sep-1992","IDX","Index","0","Units","2015_100","2015=100",32.69926,,
"MANM","Narrow Money (M1) Index, SA","USA","United States","M","Monthly","1992-10","Oct-1992","IDX","Index","0","Units","2015_100","2015=100",33.21888,,
"MANM","Narrow Money (M1) Index, SA","USA","United States","M","Monthly","1992-11","Nov-1992","IDX","Index","0","Units","2015_100","2015=100",33.61603,,
"MANM","Narrow Money (M1) Index, SA","USA","United States","M","Monthly","1992-12","Dec-1992","IDX","Index","0","Units","2015_100","2015=100",33.92052,,
"MANM","Narrow Money (M1) Index, SA","USA","United States","M","Monthly","1993-01","Jan-1993","IDX","Index","0","Units","2015_100","2015=100",34.10255,,
"MANM","Narrow Money (M1) Index, SA","USA","United States","M","Monthly","1993-02","Feb-1993","IDX","Index","0","Units","2015_100","2015=100",34.20515,,
"MANM","Narrow Money (M1) Index, SA","USA","United States","M","Monthly","1993-03","Mar-1993","IDX","Index","0","Units","2015_100","2015=100",34.36732,,
"MANM","Narrow Money (M1) Index, SA","USA","United States","M","Monthly","1993-04","Apr-1993","IDX","Index","0","Units","2015_100","2015=100",34.67181,,
"MANM","Narrow Money (M1) Index, SA","USA","United States","M","Monthly","1993-05","May-1993","IDX","Index","0","Units","2015_100","2015=100",35.27747,,
"MANM","Narrow Money (M1) Index, SA","USA","United States","M","Monthly","1993-06","Jun-1993","IDX","Index","0","Units","2015_100","2015=100",35.58196,,
"MANM","Narrow Money (M1) Index, SA","USA","United States","M","Monthly","1993-07","Jul-1993","IDX","Index","0","Units","2015_100","2015=100",35.89637,,
"MANM","Narrow Money (M1) Index, SA","USA","United States","M","Monthly","1993-08","Aug-1993","IDX","Index","0","Units","2015_100","2015=100",36.2141,,
"MANM","Narrow Money (M1) Index, SA","USA","United States","M","Monthly","1993-09","Sep-1993","IDX","Index","0","Units","2015_100","2015=100",36.54506,,
"MANM","Narrow Money (M1) Index, SA","USA","United States","M","Monthly","1993-10","Oct-1993","IDX","Index","0","Units","2015_100","2015=100",36.83962,,
"MANM","Narrow Money (M1) Index, SA","USA","United States","M","Monthly","1993-11","Nov-1993","IDX","Index","0","Units","2015_100","2015=100",37.20368,,
"MANM","Narrow Money (M1) Index, SA","USA","United States","M","Monthly","1993-12","Dec-1993","IDX","Index","0","Units","2015_100","2015=100",37.38572,,
"MANM","Narrow Money (M1) Index, SA","USA","United States","M","Monthly","1994-01","Jan-1994","IDX","Index","0","Units","2015_100","2015=100",37.45191,,
"MANM","Narrow Money (M1) Index, SA","USA","United States","M","Monthly","1994-02","Feb-1994","IDX","Index","0","Units","2015_100","2015=100",37.60746,,
"MANM","Narrow Money (M1) Index, SA","USA","United States","M","Monthly","1994-03","Mar-1994","IDX","Index","0","Units","2015_100","2015=100",37.73323,,
"MANM","Narrow Money (M1) Index, SA","USA","United States","M","Monthly","1994-04","Apr-1994","IDX","Index","0","Units","2015_100","2015=100",37.76632,,
"MANM","Narrow Money (M1) Index, SA","USA","United States","M","Monthly","1994-05","May-1994","IDX","Index","0","Units","2015_100","2015=100",37.83913,,
"MANM","Narrow Money (M1) Index, SA","USA","United States","M","Monthly","1994-06","Jun-1994","IDX","Index","0","Units","2015_100","2015=100",37.90202,,
"MANM","Narrow Money (M1) Index, SA","USA","United States","M","Monthly","1994-07","Jul-1994","IDX","Index","0","Units","2015_100","2015=100",38.08405,,
"MANM","Narrow Money (M1) Index, SA","USA","United States","M","Monthly","1994-08","Aug-1994","IDX","Index","0","Units","2015_100","2015=100",38.08074,,
"MANM","Narrow Money (M1) Index, SA","USA","United States","M","Monthly","1994-09","Sep-1994","IDX","Index","0","Units","2015_100","2015=100",38.12376,,
"MANM","Narrow Money (M1) Index, SA","USA","United States","M","Monthly","1994-10","Oct-1994","IDX","Index","0","Units","2015_100","2015=100",38.0675,,
"MANM","Narrow Money (M1) Index, SA","USA","United States","M","Monthly","1994-11","Nov-1994","IDX","Index","0","Units","2015_100","2015=100",38.09067,,
"MANM","Narrow Money (M1) Index, SA","USA","United States","M","Monthly","1994-12","Dec-1994","IDX","Index","0","Units","2015_100","2015=100",38.08405,,
"MANM","Narrow Money (M1) Index, SA","USA","United States","M","Monthly","1995-01","Jan-1995","IDX","Index","0","Units","2015_100","2015=100",38.10722,,
"MANM","Narrow Money (M1) Index, SA","USA","United States","M","Monthly","1995-02","Feb-1995","IDX","Index","0","Units","2015_100","2015=100",37.97483,,
"MANM","Narrow Money (M1) Index, SA","USA","United States","M","Monthly","1995-03","Mar-1995","IDX","Index","0","Units","2015_100","2015=100",37.95166,,
"MANM","Narrow Money (M1) Index, SA","USA","United States","M","Monthly","1995-04","Apr-1995","IDX","Index","0","Units","2015_100","2015=100",38.03771,,
"MANM","Narrow Money (M1) Index, SA","USA","United States","M","Monthly","1995-05","May-1995","IDX","Index","0","Units","2015_100","2015=100",37.90533,,
"MANM","Narrow Money (M1) Index, SA","USA","United States","M","Monthly","1995-06","Jun-1995","IDX","Index","0","Units","2015_100","2015=100",37.86892,,
"MANM","Narrow Money (M1) Index, SA","USA","United States","M","Monthly","1995-07","Jul-1995","IDX","Index","0","Units","2015_100","2015=100",37.91195,,
"MANM","Narrow Money (M1) Index, SA","USA","United States","M","Monthly","1995-08","Aug-1995","IDX","Index","0","Units","2015_100","2015=100",37.90864,,
"MANM","Narrow Money (M1) Index, SA","USA","United States","M","Monthly","1995-09","Sep-1995","IDX","Index","0","Units","2015_100","2015=100",37.79611,,
"MANM","Narrow Money (M1) Index, SA","USA","United States","M","Monthly","1995-10","Oct-1995","IDX","Index","0","Units","2015_100","2015=100",37.64056,,
"MANM","Narrow Money (M1) Index, SA","USA","United States","M","Monthly","1995-11","Nov-1995","IDX","Index","0","Units","2015_100","2015=100",37.53465,,
"MANM","Narrow Money (M1) Index, SA","USA","United States","M","Monthly","1995-12","Dec-1995","IDX","Index","0","Units","2015_100","2015=100",37.31621,,
"MANM","Narrow Money (M1) Index, SA","USA","United States","M","Monthly","1996-01","Jan-1996","IDX","Index","0","Units","2015_100","2015=100",37.18383,,
"MANM","Narrow Money (M1) Index, SA","USA","United States","M","Monthly","1996-02","Feb-1996","IDX","Index","0","Units","2015_100","2015=100",37.01834,,
"MANM","Narrow Money (M1) Index, SA","USA","United States","M","Monthly","1996-03","Mar-1996","IDX","Index","0","Units","2015_100","2015=100",37.15404,,
"MANM","Narrow Money (M1) Index, SA","USA","United States","M","Monthly","1996-04","Apr-1996","IDX","Index","0","Units","2015_100","2015=100",37.22685,,
"MANM","Narrow Money (M1) Index, SA","USA","United States","M","Monthly","1996-05","May-1996","IDX","Index","0","Units","2015_100","2015=100",36.95215,,
"MANM","Narrow Money (M1) Index, SA","USA","United States","M","Monthly","1996-06","Jun-1996","IDX","Index","0","Units","2015_100","2015=100",36.90913,,
"MANM","Narrow Money (M1) Index, SA","USA","United States","M","Monthly","1996-07","Jul-1996","IDX","Index","0","Units","2015_100","2015=100",36.81646,,
"MANM","Narrow Money (M1) Index, SA","USA","United States","M","Monthly","1996-08","Aug-1996","IDX","Index","0","Units","2015_100","2015=100",36.45901,,
"MANM","Narrow Money (M1) Index, SA","USA","United States","M","Monthly","1996-09","Sep-1996","IDX","Index","0","Units","2015_100","2015=100",36.28029,,
"MANM","Narrow Money (M1) Index, SA","USA","United States","M","Monthly","1996-10","Oct-1996","IDX","Index","0","Units","2015_100","2015=100",35.93278,,
"MANM","Narrow Money (M1) Index, SA","USA","United States","M","Monthly","1996-11","Nov-1996","IDX","Index","0","Units","2015_100","2015=100",35.85997,,
"MANM","Narrow Money (M1) Index, SA","USA","United States","M","Monthly","1996-12","Dec-1996","IDX","Index","0","Units","2015_100","2015=100",35.78716,,
"MANM","Narrow Money (M1) Index, SA","USA","United States","M","Monthly","1997-01","Jan-1997","IDX","Index","0","Units","2015_100","2015=100",35.78385,,
"MANM","Narrow Money (M1) Index, SA","USA","United States","M","Monthly","1997-02","Feb-1997","IDX","Index","0","Units","2015_100","2015=100",35.70441,,
"MANM","Narrow Money (M1) Index, SA","USA","United States","M","Monthly","1997-03","Mar-1997","IDX","Index","0","Units","2015_100","2015=100",35.49591,,
"MANM","Narrow Money (M1) Index, SA","USA","United States","M","Monthly","1997-04","Apr-1997","IDX","Index","0","Units","2015_100","2015=100",35.21128,,
"MANM","Narrow Money (M1) Index, SA","USA","United States","M","Monthly","1997-05","May-1997","IDX","Index","0","Units","2015_100","2015=100",35.20797,,
"MANM","Narrow Money (M1) Index, SA","USA","United States","M","Monthly","1997-06","Jun-1997","IDX","Index","0","Units","2015_100","2015=100",35.28409,,
"MANM","Narrow Money (M1) Index, SA","USA","United States","M","Monthly","1997-07","Jul-1997","IDX","Index","0","Units","2015_100","2015=100",35.26423,,
"MANM","Narrow Money (M1) Index, SA","USA","United States","M","Monthly","1997-08","Aug-1997","IDX","Index","0","Units","2015_100","2015=100",35.58858,,
"MANM","Narrow Money (M1) Index, SA","USA","United States","M","Monthly","1997-09","Sep-1997","IDX","Index","0","Units","2015_100","2015=100",35.31057,,
"MANM","Narrow Money (M1) Index, SA","USA","United States","M","Monthly","1997-10","Oct-1997","IDX","Index","0","Units","2015_100","2015=100",35.26754,,
"MANM","Narrow Money (M1) Index, SA","USA","United States","M","Monthly","1997-11","Nov-1997","IDX","Index","0","Units","2015_100","2015=100",35.44296,,
"MANM","Narrow Money (M1) Index, SA","USA","United States","M","Monthly","1997-12","Dec-1997","IDX","Index","0","Units","2015_100","2015=100",35.48929,,
"MANM","Narrow Money (M1) Index, SA","USA","United States","M","Monthly","1998-01","Jan-1998","IDX","Index","0","Units","2015_100","2015=100",35.54555,,
"MANM","Narrow Money (M1) Index, SA","USA","United States","M","Monthly","1998-02","Feb-1998","IDX","Index","0","Units","2015_100","2015=100",35.67132,,
"MANM","Narrow Money (M1) Index, SA","USA","United States","M","Monthly","1998-03","Mar-1998","IDX","Index","0","Units","2015_100","2015=100",35.64153,,
"MANM","Narrow Money (M1) Index, SA","USA","United States","M","Monthly","1998-04","Apr-1998","IDX","Index","0","Units","2015_100","2015=100",35.6283,,
"MANM","Narrow Money (M1) Index, SA","USA","United States","M","Monthly","1998-05","May-1998","IDX","Index","0","Units","2015_100","2015=100",35.71434,,
"MANM","Narrow Money (M1) Index, SA","USA","United States","M","Monthly","1998-06","Jun-1998","IDX","Index","0","Units","2015_100","2015=100",35.62167,,
"MANM","Narrow Money (M1) Index, SA","USA","United States","M","Monthly","1998-07","Jul-1998","IDX","Index","0","Units","2015_100","2015=100",35.58196,,
"MANM","Narrow Money (M1) Index, SA","USA","United States","M","Monthly","1998-08","Aug-1998","IDX","Index","0","Units","2015_100","2015=100",35.60844,,
"MANM","Narrow Money (M1) Index, SA","USA","United States","M","Monthly","1998-09","Sep-1998","IDX","Index","0","Units","2015_100","2015=100",35.74082,,
"MANM","Narrow Money (M1) Index, SA","USA","United States","M","Monthly","1998-10","Oct-1998","IDX","Index","0","Units","2015_100","2015=100",35.94271,,
"MANM","Narrow Money (M1) Index, SA","USA","United States","M","Monthly","1998-11","Nov-1998","IDX","Index","0","Units","2015_100","2015=100",36.23727,,
"MANM","Narrow Money (M1) Index, SA","USA","United States","M","Monthly","1998-12","Dec-1998","IDX","Index","0","Units","2015_100","2015=100",36.24058,,
"MANM","Narrow Money (M1) Index, SA","USA","United States","M","Monthly","1999-01","Jan-1999","IDX","Index","0","Units","2015_100","2015=100",36.34318,,
"MANM","Narrow Money (M1) Index, SA","USA","United States","M","Monthly","1999-02","Feb-1999","IDX","Index","0","Units","2015_100","2015=100",36.29684,,
"MANM","Narrow Money (M1) Index, SA","USA","United States","M","Monthly","1999-03","Mar-1999","IDX","Index","0","Units","2015_100","2015=100",36.29353,,
"MANM","Narrow Money (M1) Index, SA","USA","United States","M","Monthly","1999-04","Apr-1999","IDX","Index","0","Units","2015_100","2015=100",36.45901,,
"MANM","Narrow Money (M1) Index, SA","USA","United States","M","Monthly","1999-05","May-1999","IDX","Index","0","Units","2015_100","2015=100",36.53183,,
"MANM","Narrow Money (M1) Index, SA","USA","United States","M","Monthly","1999-06","Jun-1999","IDX","Index","0","Units","2015_100","2015=100",36.39944,,
"MANM","Narrow Money (M1) Index, SA","USA","United States","M","Monthly","1999-07","Jul-1999","IDX","Index","0","Units","2015_100","2015=100",36.37627,,
"MANM","Narrow Money (M1) Index, SA","USA","United States","M","Monthly","1999-08","Aug-1999","IDX","Index","0","Units","2015_100","2015=100",36.37958,,
"MANM","Narrow Money (M1) Index, SA","USA","United States","M","Monthly","1999-09","Sep-1999","IDX","Index","0","Units","2015_100","2015=100",36.29022,,
"MANM","Narrow Money (M1) Index, SA","USA","United States","M","Monthly","1999-10","Oct-1999","IDX","Index","0","Units","2015_100","2015=100",36.51528,,
"MANM","Narrow Money (M1) Index, SA","USA","United States","M","Monthly","1999-11","Nov-1999","IDX","Index","0","Units","2015_100","2015=100",36.76019,,
"MANM","Narrow Money (M1) Index, SA","USA","United States","M","Monthly","1999-12","Dec-1999","IDX","Index","0","Units","2015_100","2015=100",37.1408,,
"MANM","Narrow Money (M1) Index, SA","USA","United States","M","Monthly","2000-01","Jan-2000","IDX","Index","0","Units","2015_100","2015=100",37.13749,,
"MANM","Narrow Money (M1) Index, SA","USA","United States","M","Monthly","2000-02","Feb-2000","IDX","Index","0","Units","2015_100","2015=100",36.69069,,
"MANM","Narrow Money (M1) Index, SA","USA","United States","M","Monthly","2000-03","Mar-2000","IDX","Index","0","Units","2015_100","2015=100",36.65428,,
"MANM","Narrow Money (M1) Index, SA","USA","United States","M","Monthly","2000-04","Apr-2000","IDX","Index","0","Units","2015_100","2015=100",36.92236,,
"MANM","Narrow Money (M1) Index, SA","USA","United States","M","Monthly","2000-05","May-2000","IDX","Index","0","Units","2015_100","2015=100",36.56823,,
"MANM","Narrow Money (M1) Index, SA","USA","United States","M","Monthly","2000-06","Jun-2000","IDX","Index","0","Units","2015_100","2015=100",36.49211,,
"MANM","Narrow Money (M1) Index, SA","USA","United States","M","Monthly","2000-07","Jul-2000","IDX","Index","0","Units","2015_100","2015=100",36.5219,,
"MANM","Narrow Money (M1) Index, SA","USA","United States","M","Monthly","2000-08","Aug-2000","IDX","Index","0","Units","2015_100","2015=100",36.41268,,
"MANM","Narrow Money (M1) Index, SA","USA","United States","M","Monthly","2000-09","Sep-2000","IDX","Index","0","Units","2015_100","2015=100",36.39613,,
"MANM","Narrow Money (M1) Index, SA","USA","United States","M","Monthly","2000-10","Oct-2000","IDX","Index","0","Units","2015_100","2015=100",36.36303,,
"MANM","Narrow Money (M1) Index, SA","USA","United States","M","Monthly","2000-11","Nov-2000","IDX","Index","0","Units","2015_100","2015=100",36.15453,,
"MANM","Narrow Money (M1) Index, SA","USA","United States","M","Monthly","2000-12","Dec-2000","IDX","Index","0","Units","2015_100","2015=100",36.02876,,
"MANM","Narrow Money (M1) Index, SA","USA","United States","M","Monthly","2001-01","Jan-2001","IDX","Index","0","Units","2015_100","2015=100",36.29684,,
"MANM","Narrow Money (M1) Index, SA","USA","United States","M","Monthly","2001-02","Feb-2001","IDX","Index","0","Units","2015_100","2015=100",36.44577,,
"MANM","Narrow Money (M1) Index, SA","USA","United States","M","Monthly","2001-03","Mar-2001","IDX","Index","0","Units","2015_100","2015=100",36.70062,,
"MANM","Narrow Money (M1) Index, SA","USA","United States","M","Monthly","2001-04","Apr-2001","IDX","Index","0","Units","2015_100","2015=100",36.95877,,
"MANM","Narrow Money (M1) Index, SA","USA","United States","M","Monthly","2001-05","May-2001","IDX","Index","0","Units","2015_100","2015=100",37.01834,,
"MANM","Narrow Money (M1) Index, SA","USA","United States","M","Monthly","2001-06","Jun-2001","IDX","Index","0","Units","2015_100","2015=100",37.27319,,
"MANM","Narrow Money (M1) Index, SA","USA","United States","M","Monthly","2001-07","Jul-2001","IDX","Index","0","Units","2015_100","2015=100",37.69351,,
"MANM","Narrow Money (M1) Index, SA","USA","United States","M","Monthly","2001-08","Aug-2001","IDX","Index","0","Units","2015_100","2015=100",38.0675,,
"MANM","Narrow Money (M1) Index, SA","USA","United States","M","Monthly","2001-09","Sep-2001","IDX","Index","0","Units","2015_100","2015=100",39.90435,,
"MANM","Narrow Money (M1) Index, SA","USA","United States","M","Monthly","2001-10","Oct-2001","IDX","Index","0","Units","2015_100","2015=100",38.58049,,
"MANM","Narrow Money (M1) Index, SA","USA","United States","M","Monthly","2001-11","Nov-2001","IDX","Index","0","Units","2015_100","2015=100",38.75591,,
"MANM","Narrow Money (M1) Index, SA","USA","United States","M","Monthly","2001-12","Dec-2001","IDX","Index","0","Units","2015_100","2015=100",39.15968,,
"MANM","Narrow Money (M1) Index, SA","USA","United States","M","Monthly","2002-01","Jan-2002","IDX","Index","0","Units","2015_100","2015=100",39.40791,,
"MANM","Narrow Money (M1) Index, SA","USA","United States","M","Monthly","2002-02","Feb-2002","IDX","Index","0","Units","2015_100","2015=100",39.40459,,
"MANM","Narrow Money (M1) Index, SA","USA","United States","M","Monthly","2002-03","Mar-2002","IDX","Index","0","Units","2015_100","2015=100",39.49396,,
"MANM","Narrow Money (M1) Index, SA","USA","United States","M","Monthly","2002-04","Apr-2002","IDX","Index","0","Units","2015_100","2015=100",39.28214,,
"MANM","Narrow Money (M1) Index, SA","USA","United States","M","Monthly","2002-05","May-2002","IDX","Index","0","Units","2015_100","2015=100",39.36157,,
"MANM","Narrow Money (M1) Index, SA","USA","United States","M","Monthly","2002-06","Jun-2002","IDX","Index","0","Units","2015_100","2015=100",39.49396,,
"MANM","Narrow Money (M1) Index, SA","USA","United States","M","Monthly","2002-07","Jul-2002","IDX","Index","0","Units","2015_100","2015=100",39.68591,,
"MANM","Narrow Money (M1) Index, SA","USA","United States","M","Monthly","2002-08","Aug-2002","IDX","Index","0","Units","2015_100","2015=100",39.28876,,
"MANM","Narrow Money (M1) Index, SA","USA","United States","M","Monthly","2002-09","Sep-2002","IDX","Index","0","Units","2015_100","2015=100",39.58662,,
"MANM","Narrow Money (M1) Index, SA","USA","United States","M","Monthly","2002-10","Oct-2002","IDX","Index","0","Units","2015_100","2015=100",39.84809,,
"MANM","Narrow Money (M1) Index, SA","USA","United States","M","Monthly","2002-11","Nov-2002","IDX","Index","0","Units","2015_100","2015=100",40.03343,,
"MANM","Narrow Money (M1) Index, SA","USA","United States","M","Monthly","2002-12","Dec-2002","IDX","Index","0","Units","2015_100","2015=100",40.38425,,
"MANM","Narrow Money (M1) Index, SA","USA","United States","M","Monthly","2003-01","Jan-2003","IDX","Index","0","Units","2015_100","2015=100",40.61923,,
"MANM","Narrow Money (M1) Index, SA","USA","United States","M","Monthly","2003-02","Feb-2003","IDX","Index","0","Units","2015_100","2015=100",40.97998,,
"MANM","Narrow Money (M1) Index, SA","USA","United States","M","Monthly","2003-03","Mar-2003","IDX","Index","0","Units","2015_100","2015=100",41.01639,,
"MANM","Narrow Money (M1) Index, SA","USA","United States","M","Monthly","2003-04","Apr-2003","IDX","Index","0","Units","2015_100","2015=100",41.37052,,
"MANM","Narrow Money (M1) Index, SA","USA","United States","M","Monthly","2003-05","May-2003","IDX","Index","0","Units","2015_100","2015=100",41.99274,,
"MANM","Narrow Money (M1) Index, SA","USA","United States","M","Monthly","2003-06","Jun-2003","IDX","Index","0","Units","2015_100","2015=100",42.39651,,
"MANM","Narrow Money (M1) Index, SA","USA","United States","M","Monthly","2003-07","Jul-2003","IDX","Index","0","Units","2015_100","2015=100",42.61164,,
"MANM","Narrow Money (M1) Index, SA","USA","United States","M","Monthly","2003-08","Aug-2003","IDX","Index","0","Units","2015_100","2015=100",42.9062,,
"MANM","Narrow Money (M1) Index, SA","USA","United States","M","Monthly","2003-09","Sep-2003","IDX","Index","0","Units","2015_100","2015=100",42.93267,,
"MANM","Narrow Money (M1) Index, SA","USA","United States","M","Monthly","2003-10","Oct-2003","IDX","Index","0","Units","2015_100","2015=100",42.95253,,
"MANM","Narrow Money (M1) Index, SA","USA","United States","M","Monthly","2003-11","Nov-2003","IDX","Index","0","Units","2015_100","2015=100",42.99556,,
"MANM","Narrow Money (M1) Index, SA","USA","United States","M","Monthly","2003-12","Dec-2003","IDX","Index","0","Units","2015_100","2015=100",43.23054,,
"MANM","Narrow Money (M1) Index, SA","USA","United States","M","Monthly","2004-01","Jan-2004","IDX","Index","0","Units","2015_100","2015=100",43.22392,,
"MANM","Narrow Money (M1) Index, SA","USA","United States","M","Monthly","2004-02","Feb-2004","IDX","Index","0","Units","2015_100","2015=100",43.73361,,
"MANM","Narrow Money (M1) Index, SA","USA","United States","M","Monthly","2004-03","Mar-2004","IDX","Index","0","Units","2015_100","2015=100",43.97521,,
"MANM","Narrow Money (M1) Index, SA","USA","United States","M","Monthly","2004-04","Apr-2004","IDX","Index","0","Units","2015_100","2015=100",44.1109,,
"MANM","Narrow Money (M1) Index, SA","USA","United States","M","Monthly","2004-05","May-2004","IDX","Index","0","Units","2015_100","2015=100",44.12745,,
"MANM","Narrow Money (M1) Index, SA","USA","United States","M","Monthly","2004-06","Jun-2004","IDX","Index","0","Units","2015_100","2015=100",44.43856,,
"MANM","Narrow Money (M1) Index, SA","USA","United States","M","Monthly","2004-07","Jul-2004","IDX","Index","0","Units","2015_100","2015=100",44.37568,,
"MANM","Narrow Money (M1) Index, SA","USA","United States","M","Monthly","2004-08","Aug-2004","IDX","Index","0","Units","2015_100","2015=100",44.82248,,
"MANM","Narrow Money (M1) Index, SA","USA","United States","M","Monthly","2004-09","Sep-2004","IDX","Index","0","Units","2015_100","2015=100",45.09387,,
"MANM","Narrow Money (M1) Index, SA","USA","United States","M","Monthly","2004-10","Oct-2004","IDX","Index","0","Units","2015_100","2015=100",45.08725,,
"MANM","Narrow Money (M1) Index, SA","USA","United States","M","Monthly","2004-11","Nov-2004","IDX","Index","0","Units","2015_100","2015=100",45.4811,,
"MANM","Narrow Money (M1) Index, SA","USA","United States","M","Monthly","2004-12","Dec-2004","IDX","Index","0","Units","2015_100","2015=100",45.54067,,
"MANM","Narrow Money (M1) Index, SA","USA","United States","M","Monthly","2005-01","Jan-2005","IDX","Index","0","Units","2015_100","2015=100",45.24611,,
"MANM","Narrow Money (M1) Index, SA","USA","United States","M","Monthly","2005-02","Feb-2005","IDX","Index","0","Units","2015_100","2015=100",45.3785,,
"MANM","Narrow Money (M1) Index, SA","USA","United States","M","Monthly","2005-03","Mar-2005","IDX","Index","0","Units","2015_100","2015=100",45.37188,,
"MANM","Narrow Money (M1) Index, SA","USA","United States","M","Monthly","2005-04","Apr-2005","IDX","Index","0","Units","2015_100","2015=100",44.95818,,
"MANM","Narrow Money (M1) Index, SA","USA","United States","M","Monthly","2005-05","May-2005","IDX","Index","0","Units","2015_100","2015=100",45.20971,,
"MANM","Narrow Money (M1) Index, SA","USA","United States","M","Monthly","2005-06","Jun-2005","IDX","Index","0","Units","2015_100","2015=100",45.67636,,
"MANM","Narrow Money (M1) Index, SA","USA","United States","M","Monthly","2005-07","Jul-2005","IDX","Index","0","Units","2015_100","2015=100",45.309,,
"MANM","Narrow Money (M1) Index, SA","USA","United States","M","Monthly","2005-08","Aug-2005","IDX","Index","0","Units","2015_100","2015=100",45.60025,,
"MANM","Narrow Money (M1) Index, SA","USA","United States","M","Monthly","2005-09","Sep-2005","IDX","Index","0","Units","2015_100","2015=100",45.62672,,
"MANM","Narrow Money (M1) Index, SA","USA","United States","M","Monthly","2005-10","Oct-2005","IDX","Index","0","Units","2015_100","2015=100",45.55722,,
"MANM","Narrow Money (M1) Index, SA","USA","United States","M","Monthly","2005-11","Nov-2005","IDX","Index","0","Units","2015_100","2015=100",45.54398,,
"MANM","Narrow Money (M1) Index, SA","USA","United States","M","Monthly","2005-12","Dec-2005","IDX","Index","0","Units","2015_100","2015=100",45.48441,,
"MANM","Narrow Money (M1) Index, SA","USA","United States","M","Monthly","2006-01","Jan-2006","IDX","Index","0","Units","2015_100","2015=100",45.65651,,
"MANM","Narrow Money (M1) Index, SA","USA","United States","M","Monthly","2006-02","Feb-2006","IDX","Index","0","Units","2015_100","2015=100",45.6201,,
"MANM","Narrow Money (M1) Index, SA","USA","United States","M","Monthly","2006-03","Mar-2006","IDX","Index","0","Units","2015_100","2015=100",45.77896,,
"MANM","Narrow Money (M1) Index, SA","USA","United States","M","Monthly","2006-04","Apr-2006","IDX","Index","0","Units","2015_100","2015=100",45.71939,,
"MANM","Narrow Money (M1) Index, SA","USA","United States","M","Monthly","2006-05","May-2006","IDX","Index","0","Units","2015_100","2015=100",45.91135,,
"MANM","Narrow Money (M1) Index, SA","USA","United States","M","Monthly","2006-06","Jun-2006","IDX","Index","0","Units","2015_100","2015=100",45.52081,,
"MANM","Narrow Money (M1) Index, SA","USA","United States","M","Monthly","2006-07","Jul-2006","IDX","Index","0","Units","2015_100","2015=100",45.42152,,
"MANM","Narrow Money (M1) Index, SA","USA","United States","M","Monthly","2006-08","Aug-2006","IDX","Index","0","Units","2015_100","2015=100",45.42152,,
"MANM","Narrow Money (M1) Index, SA","USA","United States","M","Monthly","2006-09","Sep-2006","IDX","Index","0","Units","2015_100","2015=100",45.15675,,
"MANM","Narrow Money (M1) Index, SA","USA","United States","M","Monthly","2006-10","Oct-2006","IDX","Index","0","Units","2015_100","2015=100",45.35202,,
"MANM","Narrow Money (M1) Index, SA","USA","United States","M","Monthly","2006-11","Nov-2006","IDX","Index","0","Units","2015_100","2015=100",45.36857,,
"MANM","Narrow Money (M1) Index, SA","USA","United States","M","Monthly","2006-12","Dec-2006","IDX","Index","0","Units","2015_100","2015=100",45.22956,,
"MANM","Narrow Money (M1) Index, SA","USA","United States","M","Monthly","2007-01","Jan-2007","IDX","Index","0","Units","2015_100","2015=100",45.39836,,
"MANM","Narrow Money (M1) Index, SA","USA","United States","M","Monthly","2007-02","Feb-2007","IDX","Index","0","Units","2015_100","2015=100",45.11042,,
"MANM","Narrow Money (M1) Index, SA","USA","United States","M","Monthly","2007-03","Mar-2007","IDX","Index","0","Units","2015_100","2015=100",45.22625,,
"MANM","Narrow Money (M1) Index, SA","USA","United States","M","Monthly","2007-04","Apr-2007","IDX","Index","0","Units","2015_100","2015=100",45.60686,,
"MANM","Narrow Money (M1) Index, SA","USA","United States","M","Monthly","2007-05","May-2007","IDX","Index","0","Units","2015_100","2015=100",45.70284,,
"MANM","Narrow Money (M1) Index, SA","USA","United States","M","Monthly","2007-06","Jun-2007","IDX","Index","0","Units","2015_100","2015=100",45.28252,,
"MANM","Narrow Money (M1) Index, SA","USA","United States","M","Monthly","2007-07","Jul-2007","IDX","Index","0","Units","2015_100","2015=100",45.40166,,
"MANM","Narrow Money (M1) Index, SA","USA","United States","M","Monthly","2007-08","Aug-2007","IDX","Index","0","Units","2015_100","2015=100",45.5506,,
"MANM","Narrow Money (M1) Index, SA","USA","United States","M","Monthly","2007-09","Sep-2007","IDX","Index","0","Units","2015_100","2015=100",45.53074,,
"MANM","Narrow Money (M1) Index, SA","USA","United States","M","Monthly","2007-10","Oct-2007","IDX","Index","0","Units","2015_100","2015=100",45.6532,,
"MANM","Narrow Money (M1) Index, SA","USA","United States","M","Monthly","2007-11","Nov-2007","IDX","Index","0","Units","2015_100","2015=100",45.40166,,
"MANM","Narrow Money (M1) Index, SA","USA","United States","M","Monthly","2007-12","Dec-2007","IDX","Index","0","Units","2015_100","2015=100",45.45462,,
"MANM","Narrow Money (M1) Index, SA","USA","United States","M","Monthly","2008-01","Jan-2008","IDX","Index","0","Units","2015_100","2015=100",45.59694,,
"MANM","Narrow Money (M1) Index, SA","USA","United States","M","Monthly","2008-02","Feb-2008","IDX","Index","0","Units","2015_100","2015=100",45.68629,,
"MANM","Narrow Money (M1) Index, SA","USA","United States","M","Monthly","2008-03","Mar-2008","IDX","Index","0","Units","2015_100","2015=100",45.96099,,
"MANM","Narrow Money (M1) Index, SA","USA","United States","M","Monthly","2008-04","Apr-2008","IDX","Index","0","Units","2015_100","2015=100",46.05036,,
"MANM","Narrow Money (M1) Index, SA","USA","United States","M","Monthly","2008-05","May-2008","IDX","Index","0","Units","2015_100","2015=100",46.11655,,
"MANM","Narrow Money (M1) Index, SA","USA","United States","M","Monthly","2008-06","Jun-2008","IDX","Index","0","Units","2015_100","2015=100",46.48723,,
"MANM","Narrow Money (M1) Index, SA","USA","United States","M","Monthly","2008-07","Jul-2008","IDX","Index","0","Units","2015_100","2015=100",47.03332,,
"MANM","Narrow Money (M1) Index, SA","USA","United States","M","Monthly","2008-08","Aug-2008","IDX","Index","0","Units","2015_100","2015=100",46.5799,,
"MANM","Narrow Money (M1) Index, SA","USA","United States","M","Monthly","2008-09","Sep-2008","IDX","Index","0","Units","2015_100","2015=100",48.38696,,
"MANM","Narrow Money (M1) Index, SA","USA","United States","M","Monthly","2008-10","Oct-2008","IDX","Index","0","Units","2015_100","2015=100",48.7775,,
"MANM","Narrow Money (M1) Index, SA","USA","United States","M","Monthly","2008-11","Nov-2008","IDX","Index","0","Units","2015_100","2015=100",50.12783,,
"MANM","Narrow Money (M1) Index, SA","USA","United States","M","Monthly","2008-12","Dec-2008","IDX","Index","0","Units","2015_100","2015=100",53.01053,,
"MANM","Narrow Money (M1) Index, SA","USA","United States","M","Monthly","2009-01","Jan-2009","IDX","Index","0","Units","2015_100","2015=100",52.38501,,
"MANM","Narrow Money (M1) Index, SA","USA","United States","M","Monthly","2009-02","Feb-2009","IDX","Index","0","Units","2015_100","2015=100",51.86871,,
"MANM","Narrow Money (M1) Index, SA","USA","United States","M","Monthly","2009-03","Mar-2009","IDX","Index","0","Units","2015_100","2015=100",52.25594,,
"MANM","Narrow Money (M1) Index, SA","USA","United States","M","Monthly","2009-04","Apr-2009","IDX","Index","0","Units","2015_100","2015=100",53.33819,,
"MANM","Narrow Money (M1) Index, SA","USA","United States","M","Monthly","2009-05","May-2009","IDX","Index","0","Units","2015_100","2015=100",53.53345,,
"MANM","Narrow Money (M1) Index, SA","USA","United States","M","Monthly","2009-06","Jun-2009","IDX","Index","0","Units","2015_100","2015=100",54.90034,,
"MANM","Narrow Money (M1) Index, SA","USA","United States","M","Monthly","2009-07","Jul-2009","IDX","Index","0","Units","2015_100","2015=100",55.0228,,
"MANM","Narrow Money (M1) Index, SA","USA","United States","M","Monthly","2009-08","Aug-2009","IDX","Index","0","Units","2015_100","2015=100",54.94006,,
"MANM","Narrow Money (M1) Index, SA","USA","United States","M","Monthly","2009-09","Sep-2009","IDX","Index","0","Units","2015_100","2015=100",55.10223,,
"MANM","Narrow Money (M1) Index, SA","USA","United States","M","Monthly","2009-10","Oct-2009","IDX","Index","0","Units","2015_100","2015=100",55.52586,,
"MANM","Narrow Money (M1) Index, SA","USA","United States","M","Monthly","2009-11","Nov-2009","IDX","Index","0","Units","2015_100","2015=100",55.70127,,
"MANM","Narrow Money (M1) Index, SA","USA","United States","M","Monthly","2009-12","Dec-2009","IDX","Index","0","Units","2015_100","2015=100",56.02562,,
"MANM","Narrow Money (M1) Index, SA","USA","United States","M","Monthly","2010-01","Jan-2010","IDX","Index","0","Units","2015_100","2015=100",55.42657,,
"MANM","Narrow Money (M1) Index, SA","USA","United States","M","Monthly","2010-02","Feb-2010","IDX","Index","0","Units","2015_100","2015=100",56.25729,,
"MANM","Narrow Money (M1) Index, SA","USA","United States","M","Monthly","2010-03","Mar-2010","IDX","Index","0","Units","2015_100","2015=100",56.65776,,
"MANM","Narrow Money (M1) Index, SA","USA","United States","M","Monthly","2010-04","Apr-2010","IDX","Index","0","Units","2015_100","2015=100",56.23082,,
"MANM","Narrow Money (M1) Index, SA","USA","United States","M","Monthly","2010-05","May-2010","IDX","Index","0","Units","2015_100","2015=100",56.59819,,
"MANM","Narrow Money (M1) Index, SA","USA","United States","M","Monthly","2010-06","Jun-2010","IDX","Index","0","Units","2015_100","2015=100",57.30976,,
"MANM","Narrow Money (M1) Index, SA","USA","United States","M","Monthly","2010-07","Jul-2010","IDX","Index","0","Units","2015_100","2015=100",57.05822,,
"MANM","Narrow Money (M1) Index, SA","USA","United States","M","Monthly","2010-08","Aug-2010","IDX","Index","0","Units","2015_100","2015=100",57.87571,,
"MANM","Narrow Money (M1) Index, SA","USA","United States","M","Monthly","2010-09","Sep-2010","IDX","Index","0","Units","2015_100","2015=100",58.4549,,
"MANM","Narrow Money (M1) Index, SA","USA","United States","M","Monthly","2010-10","Oct-2010","IDX","Index","0","Units","2015_100","2015=100",58.92486,,
"MANM","Narrow Money (M1) Index, SA","USA","United States","M","Monthly","2010-11","Nov-2010","IDX","Index","0","Units","2015_100","2015=100",60.51349,,
"MANM","Narrow Money (M1) Index, SA","USA","United States","M","Monthly","2010-12","Dec-2010","IDX","Index","0","Units","2015_100","2015=100",60.78819,,
"MANM","Narrow Money (M1) Index, SA","USA","United States","M","Monthly","2011-01","Jan-2011","IDX","Index","0","Units","2015_100","2015=100",61.10592,,
"MANM","Narrow Money (M1) Index, SA","USA","United States","M","Monthly","2011-02","Feb-2011","IDX","Index","0","Units","2015_100","2015=100",61.89361,,
"MANM","Narrow Money (M1) Index, SA","USA","United States","M","Monthly","2011-03","Mar-2011","IDX","Index","0","Units","2015_100","2015=100",62.76736,,
"MANM","Narrow Money (M1) Index, SA","USA","United States","M","Monthly","2011-04","Apr-2011","IDX","Index","0","Units","2015_100","2015=100",62.78391,,
"MANM","Narrow Money (M1) Index, SA","USA","United States","M","Monthly","2011-05","May-2011","IDX","Index","0","Units","2015_100","2015=100",64.26,,
"MANM","Narrow Money (M1) Index, SA","USA","United States","M","Monthly","2011-06","Jun-2011","IDX","Index","0","Units","2015_100","2015=100",64.98151,,
"MANM","Narrow Money (M1) Index, SA","USA","United States","M","Monthly","2011-07","Jul-2011","IDX","Index","0","Units","2015_100","2015=100",66.06045,,
"MANM","Narrow Money (M1) Index, SA","USA","United States","M","Monthly","2011-08","Aug-2011","IDX","Index","0","Units","2015_100","2015=100",70.01216,,
"MANM","Narrow Money (M1) Index, SA","USA","United States","M","Monthly","2011-09","Sep-2011","IDX","Index","0","Units","2015_100","2015=100",70.16441,,
"MANM","Narrow Money (M1) Index, SA","USA","United States","M","Monthly","2011-10","Oct-2011","IDX","Index","0","Units","2015_100","2015=100",70.44572,,
"MANM","Narrow Money (M1) Index, SA","USA","United States","M","Monthly","2011-11","Nov-2011","IDX","Index","0","Units","2015_100","2015=100",72.21638,,
"MANM","Narrow Money (M1) Index, SA","USA","United States","M","Monthly","2011-12","Dec-2011","IDX","Index","0","Units","2015_100","2015=100",71.67691,,
"MANM","Narrow Money (M1) Index, SA","USA","United States","M","Monthly","2012-01","Jan-2012","IDX","Index","0","Units","2015_100","2015=100",72.8717,,
"MANM","Narrow Money (M1) Index, SA","USA","United States","M","Monthly","2012-02","Feb-2012","IDX","Index","0","Units","2015_100","2015=100",73.0471,,
"MANM","Narrow Money (M1) Index, SA","USA","United States","M","Monthly","2012-03","Mar-2012","IDX","Index","0","Units","2015_100","2015=100",73.7322,,
"MANM","Narrow Money (M1) Index, SA","USA","United States","M","Monthly","2012-04","Apr-2012","IDX","Index","0","Units","2015_100","2015=100",74.04662,,
"MANM","Narrow Money (M1) Index, SA","USA","United States","M","Monthly","2012-05","May-2012","IDX","Index","0","Units","2015_100","2015=100",74.67214,,
"MANM","Narrow Money (M1) Index, SA","USA","United States","M","Monthly","2012-06","Jun-2012","IDX","Index","0","Units","2015_100","2015=100",75.30428,,
"MANM","Narrow Money (M1) Index, SA","USA","United States","M","Monthly","2012-07","Jul-2012","IDX","Index","0","Units","2015_100","2015=100",76.61821,,
"MANM","Narrow Money (M1) Index, SA","USA","United States","M","Monthly","2012-08","Aug-2012","IDX","Index","0","Units","2015_100","2015=100",77.91228,,
"MANM","Narrow Money (M1) Index, SA","USA","United States","M","Monthly","2012-09","Sep-2012","IDX","Index","0","Units","2015_100","2015=100",78.98792,,
"MANM","Narrow Money (M1) Index, SA","USA","United States","M","Monthly","2012-10","Oct-2012","IDX","Index","0","Units","2015_100","2015=100",80.09664,,
"MANM","Narrow Money (M1) Index, SA","USA","United States","M","Monthly","2012-11","Nov-2012","IDX","Index","0","Units","2015_100","2015=100",80.79498,,
"MANM","Narrow Money (M1) Index, SA","USA","United States","M","Monthly","2012-12","Dec-2012","IDX","Index","0","Units","2015_100","2015=100",81.44035,,
"MANM","Narrow Money (M1) Index, SA","USA","United States","M","Monthly","2013-01","Jan-2013","IDX","Index","0","Units","2015_100","2015=100",81.9699,,
"MANM","Narrow Money (M1) Index, SA","USA","United States","M","Monthly","2013-02","Feb-2013","IDX","Index","0","Units","2015_100","2015=100",81.71175,,
"MANM","Narrow Money (M1) Index, SA","USA","United States","M","Monthly","2013-03","Mar-2013","IDX","Index","0","Units","2015_100","2015=100",81.95666,,
"MANM","Narrow Money (M1) Index, SA","USA","United States","M","Monthly","2013-04","Apr-2013","IDX","Index","0","Units","2015_100","2015=100",82.90322,,
"MANM","Narrow Money (M1) Index, SA","USA","United States","M","Monthly","2013-05","May-2013","IDX","Index","0","Units","2015_100","2015=100",83.51881,,
"MANM","Narrow Money (M1) Index, SA","USA","United States","M","Monthly","2013-06","Jun-2013","IDX","Index","0","Units","2015_100","2015=100",83.43607,,
"MANM","Narrow Money (M1) Index, SA","USA","United States","M","Monthly","2013-07","Jul-2013","IDX","Index","0","Units","2015_100","2015=100",84.14102,,
"MANM","Narrow Money (M1) Index, SA","USA","United States","M","Monthly","2013-08","Aug-2013","IDX","Index","0","Units","2015_100","2015=100",84.43889,,
"MANM","Narrow Money (M1) Index, SA","USA","United States","M","Monthly","2013-09","Sep-2013","IDX","Index","0","Units","2015_100","2015=100",85.57079,,
"MANM","Narrow Money (M1) Index, SA","USA","United States","M","Monthly","2013-10","Oct-2013","IDX","Index","0","Units","2015_100","2015=100",87.0833,,
"MANM","Narrow Money (M1) Index, SA","USA","United States","M","Monthly","2013-11","Nov-2013","IDX","Index","0","Units","2015_100","2015=100",87.33483,,
"MANM","Narrow Money (M1) Index, SA","USA","United States","M","Monthly","2013-12","Dec-2013","IDX","Index","0","Units","2015_100","2015=100",88.50644,,
"MANM","Narrow Money (M1) Index, SA","USA","United States","M","Monthly","2014-01","Jan-2014","IDX","Index","0","Units","2015_100","2015=100",89.28751,,
"MANM","Narrow Money (M1) Index, SA","USA","United States","M","Monthly","2014-02","Feb-2014","IDX","Index","0","Units","2015_100","2015=100",90.15464,,
"MANM","Narrow Money (M1) Index, SA","USA","United States","M","Monthly","2014-03","Mar-2014","IDX","Index","0","Units","2015_100","2015=100",91.01184,,
"MANM","Narrow Money (M1) Index, SA","USA","United States","M","Monthly","2014-04","Apr-2014","IDX","Index","0","Units","2015_100","2015=100",91.69363,,
"MANM","Narrow Money (M1) Index, SA","USA","United States","M","Monthly","2014-05","May-2014","IDX","Index","0","Units","2015_100","2015=100",92.23972,,
"MANM","Narrow Money (M1) Index, SA","USA","United States","M","Monthly","2014-06","Jun-2014","IDX","Index","0","Units","2015_100","2015=100",93.39147,,
"MANM","Narrow Money (M1) Index, SA","USA","United States","M","Monthly","2014-07","Jul-2014","IDX","Index","0","Units","2015_100","2015=100",94.04016,,
"MANM","Narrow Money (M1) Index, SA","USA","United States","M","Monthly","2014-08","Aug-2014","IDX","Index","0","Units","2015_100","2015=100",92.71631,,
"MANM","Narrow Money (M1) Index, SA","USA","United States","M","Monthly","2014-09","Sep-2014","IDX","Index","0","Units","2015_100","2015=100",94.86095,,
"MANM","Narrow Money (M1) Index, SA","USA","United States","M","Monthly","2014-10","Oct-2014","IDX","Index","0","Units","2015_100","2015=100",95.21509,,
"MANM","Narrow Money (M1) Index, SA","USA","United States","M","Monthly","2014-11","Nov-2014","IDX","Index","0","Units","2015_100","2015=100",95.7347,,
"MANM","Narrow Money (M1) Index, SA","USA","United States","M","Monthly","2014-12","Dec-2014","IDX","Index","0","Units","2015_100","2015=100",97.54507,,
"MANM","Narrow Money (M1) Index, SA","USA","United States","M","Monthly","2015-01","Jan-2015","IDX","Index","0","Units","2015_100","2015=100",97.29354,,
"MANM","Narrow Money (M1) Index, SA","USA","United States","M","Monthly","2015-02","Feb-2015","IDX","Index","0","Units","2015_100","2015=100",99.45142,,
"MANM","Narrow Money (M1) Index, SA","USA","United States","M","Monthly","2015-03","Mar-2015","IDX","Index","0","Units","2015_100","2015=100",99.21313,,
"MANM","Narrow Money (M1) Index, SA","USA","United States","M","Monthly","2015-04","Apr-2015","IDX","Index","0","Units","2015_100","2015=100",99.18665,,
"MANM","Narrow Money (M1) Index, SA","USA","United States","M","Monthly","2015-05","May-2015","IDX","Index","0","Units","2015_100","2015=100",98.6207,,
"MANM","Narrow Money (M1) Index, SA","USA","United States","M","Monthly","2015-06","Jun-2015","IDX","Index","0","Units","2015_100","2015=100",99.88499,,
"MANM","Narrow Money (M1) Index, SA","USA","United States","M","Monthly","2015-07","Jul-2015","IDX","Index","0","Units","2015_100","2015=100",100.5999,,
"MANM","Narrow Money (M1) Index, SA","USA","United States","M","Monthly","2015-08","Aug-2015","IDX","Index","0","Units","2015_100","2015=100",100.1829,,
"MANM","Narrow Money (M1) Index, SA","USA","United States","M","Monthly","2015-09","Sep-2015","IDX","Index","0","Units","2015_100","2015=100",100.8448,,
"MANM","Narrow Money (M1) Index, SA","USA","United States","M","Monthly","2015-10","Oct-2015","IDX","Index","0","Units","2015_100","2015=100",100.0273,,
"MANM","Narrow Money (M1) Index, SA","USA","United States","M","Monthly","2015-11","Nov-2015","IDX","Index","0","Units","2015_100","2015=100",102.0958,,
"MANM","Narrow Money (M1) Index, SA","USA","United States","M","Monthly","2015-12","Dec-2015","IDX","Index","0","Units","2015_100","2015=100",102.5989,,
"MANM","Narrow Money (M1) Index, SA","USA","United States","M","Monthly","2016-01","Jan-2016","IDX","Index","0","Units","2015_100","2015=100",102.4334,,
"MANM","Narrow Money (M1) Index, SA","USA","United States","M","Monthly","2016-02","Feb-2016","IDX","Index","0","Units","2015_100","2015=100",103.5256,,
"MANM","Narrow Money (M1) Index, SA","USA","United States","M","Monthly","2016-03","Mar-2016","IDX","Index","0","Units","2015_100","2015=100",104.3762,,
"MANM","Narrow Money (M1) Index, SA","USA","United States","M","Monthly","2016-04","Apr-2016","IDX","Index","0","Units","2015_100","2015=100",105.8589,,
"MANM","Narrow Money (M1) Index, SA","USA","United States","M","Monthly","2016-05","May-2016","IDX","Index","0","Units","2015_100","2015=100",107.1596,,
"MANM","Narrow Money (M1) Index, SA","USA","United States","M","Monthly","2016-06","Jun-2016","IDX","Index","0","Units","2015_100","2015=100",107.3946,,
"MANM","Narrow Money (M1) Index, SA","USA","United States","M","Monthly","2016-07","Jul-2016","IDX","Index","0","Units","2015_100","2015=100",107.4078,,
"MANM","Narrow Money (M1) Index, SA","USA","United States","M","Monthly","2016-08","Aug-2016","IDX","Index","0","Units","2015_100","2015=100",109.7974,,
"MANM","Narrow Money (M1) Index, SA","USA","United States","M","Monthly","2016-09","Sep-2016","IDX","Index","0","Units","2015_100","2015=100",110.1217,,
"MANM","Narrow Money (M1) Index, SA","USA","United States","M","Monthly","2016-10","Oct-2016","IDX","Index","0","Units","2015_100","2015=100",110.3269,,
"MANM","Narrow Money (M1) Index, SA","USA","United States","M","Monthly","2016-11","Nov-2016","IDX","Index","0","Units","2015_100","2015=100",111.0021,,
"MANM","Narrow Money (M1) Index, SA","USA","United States","M","Monthly","2016-12","Dec-2016","IDX","Index","0","Units","2015_100","2015=100",110.7274,,
"MANM","Narrow Money (M1) Index, SA","USA","United States","M","Monthly","2017-01","Jan-2017","IDX","Index","0","Units","2015_100","2015=100",112.1737,,
"MANM","Narrow Money (M1) Index, SA","USA","United States","M","Monthly","2017-02","Feb-2017","IDX","Index","0","Units","2015_100","2015=100",112.5411,,
"MANM","Narrow Money (M1) Index, SA","USA","United States","M","Monthly","2017-03","Mar-2017","IDX","Index","0","Units","2015_100","2015=100",114.2786,,
"MANM","Narrow Money (M1) Index, SA","USA","United States","M","Monthly","2017-04","Apr-2017","IDX","Index","0","Units","2015_100","2015=100",114.272,,
"MANM","Narrow Money (M1) Index, SA","USA","United States","M","Monthly","2017-05","May-2017","IDX","Index","0","Units","2015_100","2015=100",116.42,,
"MANM","Narrow Money (M1) Index, SA","USA","United States","M","Monthly","2017-06","Jun-2017","IDX","Index","0","Units","2015_100","2015=100",116.7079,,
"MANM","Narrow Money (M1) Index, SA","USA","United States","M","Monthly","2017-07","Jul-2017","IDX","Index","0","Units","2015_100","2015=100",117.4459,,
"MANM","Narrow Money (M1) Index, SA","USA","United States","M","Monthly","2017-08","Aug-2017","IDX","Index","0","Units","2015_100","2015=100",118.654,,
"MANM","Narrow Money (M1) Index, SA","USA","United States","M","Monthly","2017-09","Sep-2017","IDX","Index","0","Units","2015_100","2015=100",118.131,,
"MANM","Narrow Money (M1) Index, SA","USA","United States","M","Monthly","2017-10","Oct-2017","IDX","Index","0","Units","2015_100","2015=100",119.2927,,
"MANM","Narrow Money (M1) Index, SA","USA","United States","M","Monthly","2017-11","Nov-2017","IDX","Index","0","Units","2015_100","2015=100",120.0142,,
"MANM","Narrow Money (M1) Index, SA","USA","United States","M","Monthly","2017-12","Dec-2017","IDX","Index","0","Units","2015_100","2015=100",119.7693,,
"MANM","Narrow Money (M1) Index, SA","USA","United States","M","Monthly","2018-01","Jan-2018","IDX","Index","0","Units","2015_100","2015=100",120.8251,,
"MANM","Narrow Money (M1) Index, SA","USA","United States","M","Monthly","2018-02","Feb-2018","IDX","Index","0","Units","2015_100","2015=100",119.6105,,
"MANM","Narrow Money (M1) Index, SA","USA","United States","M","Monthly","2018-03","Mar-2018","IDX","Index","0","Units","2015_100","2015=100",121.3646,,
"MANM","Narrow Money (M1) Index, SA","USA","United States","M","Monthly","2018-04","Apr-2018","IDX","Index","0","Units","2015_100","2015=100",121.1329,,
"MANM","Narrow Money (M1) Index, SA","USA","United States","M","Monthly","2018-05","May-2018","IDX","Index","0","Units","2015_100","2015=100",120.9475,,
"MANM","Narrow Money (M1) Index, SA","USA","United States","M","Monthly","2018-06","Jun-2018","IDX","Index","0","Units","2015_100","2015=100",120.9509,,
"MANM","Narrow Money (M1) Index, SA","USA","United States","M","Monthly","2018-07","Jul-2018","IDX","Index","0","Units","2015_100","2015=100",121.7882,,
"MANM","Narrow Money (M1) Index, SA","USA","United States","M","Monthly","2018-08","Aug-2018","IDX","Index","0","Units","2015_100","2015=100",122.139,,
"MANM","Narrow Money (M1) Index, SA","USA","United States","M","Monthly","2018-09","Sep-2018","IDX","Index","0","Units","2015_100","2015=100",122.4601,,
"MANM","Narrow Money (M1) Index, SA","USA","United States","M","Monthly","2018-10","Oct-2018","IDX","Index","0","Units","2015_100","2015=100",123.2808,,
"MANM","Narrow Money (M1) Index, SA","USA","United States","M","Monthly","2018-11","Nov-2018","IDX","Index","0","Units","2015_100","2015=100",122.4865,,
"MANM","Narrow Money (M1) Index, SA","USA","United States","M","Monthly","2018-12","Dec-2018","IDX","Index","0","Units","2015_100","2015=100",124.8728,,
"MANM","Narrow Money (M1) Index, SA","USA","United States","M","Monthly","2019-01","Jan-2019","IDX","Index","0","Units","2015_100","2015=100",123.9461,,
"MANM","Narrow Money (M1) Index, SA","USA","United States","M","Monthly","2019-02","Feb-2019","IDX","Index","0","Units","2015_100","2015=100",124.1811,,
"MANM","Narrow Money (M1) Index, SA","USA","United States","M","Monthly","2019-03","Mar-2019","IDX","Index","0","Units","2015_100","2015=100",123.678,,
"MANM","Narrow Money (M1) Index, SA","USA","United States","M","Monthly","2019-04","Apr-2019","IDX","Index","0","Units","2015_100","2015=100",125.2335,,
"MANM","Narrow Money (M1) Index, SA","USA","United States","M","Monthly","2019-05","May-2019","IDX","Index","0","Units","2015_100","2015=100",125.3759,,
"MANM","Narrow Money (M1) Index, SA","USA","United States","M","Monthly","2019-06","Jun-2019","IDX","Index","0","Units","2015_100","2015=100",126.7063,,
"MANM","Narrow Money (M1) Index, SA","USA","United States","M","Monthly","2019-07","Jul-2019","IDX","Index","0","Units","2015_100","2015=100",127.7621,,
"MANM","Narrow Money (M1) Index, SA","USA","United States","M","Monthly","2019-08","Aug-2019","IDX","Index","0","Units","2015_100","2015=100",127.5966,,
"MANM","Narrow Money (M1) Index, SA","USA","United States","M","Monthly","2019-09","Sep-2019","IDX","Index","0","Units","2015_100","2015=100",129.0595,,
"MANM","Narrow Money (M1) Index, SA","USA","United States","M","Monthly","2019-10","Oct-2019","IDX","Index","0","Units","2015_100","2015=100",130.1715,,
"MANM","Narrow Money (M1) Index, SA","USA","United States","M","Monthly","2019-11","Nov-2019","IDX","Index","0","Units","2015_100","2015=100",130.7143,,
"MANM","Narrow Money (M1) Index, SA","USA","United States","M","Monthly","2019-12","Dec-2019","IDX","Index","0","Units","2015_100","2015=100",133.0873,,
"MANM","Narrow Money (M1) Index, SA","USA","United States","M","Monthly","2020-01","Jan-2020","IDX","Index","0","Units","2015_100","2015=100",131.6774,,
"MANM","Narrow Money (M1) Index, SA","USA","United States","M","Monthly","2020-02","Feb-2020","IDX","Index","0","Units","2015_100","2015=100",131.7701,,
"MANM","Narrow Money (M1) Index, SA","USA","United States","M","Monthly","2020-03","Mar-2020","IDX","Index","0","Units","2015_100","2015=100",141.0238,,
"MANM","Narrow Money (M1) Index, SA","USA","United States","M","Monthly","2020-04","Apr-2020","IDX","Index","0","Units","2015_100","2015=100",158.6808,,
"MANM","Narrow Money (M1) Index, SA","USA","United States","M","Monthly","2020-05","May-2020","IDX","Index","0","Units","2015_100","2015=100",537.6248,,
"MANM","Narrow Money (M1) Index, SA","USA","United States","M","Monthly","2020-06","Jun-2020","IDX","Index","0","Units","2015_100","2015=100",548.0668,,
"MANM","Narrow Money (M1) Index, SA","USA","United States","M","Monthly","2020-07","Jul-2020","IDX","Index","0","Units","2015_100","2015=100",554.9343,,
"MANM","Narrow Money (M1) Index, SA","USA","United States","M","Monthly","2020-08","Aug-2020","IDX","Index","0","Units","2015_100","2015=100",558.6179,,
"MANM","Narrow Money (M1) Index, SA","USA","United States","M","Monthly","2020-09","Sep-2020","IDX","Index","0","Units","2015_100","2015=100",567.8882,,
"MANM","Narrow Money (M1) Index, SA","USA","United States","M","Monthly","2020-10","Oct-2020","IDX","Index","0","Units","2015_100","2015=100",574.4611,,
"MANM","Narrow Money (M1) Index, SA","USA","United States","M","Monthly","2020-11","Nov-2020","IDX","Index","0","Units","2015_100","2015=100",582.7982,,
"MANM","Narrow Money (M1) Index, SA","USA","United States","M","Monthly","2020-12","Dec-2020","IDX","Index","0","Units","2015_100","2015=100",590.0098,,
"MANM","Narrow Money (M1) Index, SA","USA","United States","M","Monthly","2021-01","Jan-2021","IDX","Index","0","Units","2015_100","2015=100",598.9922,,
"MANM","Narrow Money (M1) Index, SA","USA","United States","M","Monthly","2021-02","Feb-2021","IDX","Index","0","Units","2015_100","2015=100",607.7429,,
"MANM","Narrow Money (M1) Index, SA","USA","United States","M","Monthly","2021-03","Mar-2021","IDX","Index","0","Units","2015_100","2015=100",616.7286,,
"MANM","Narrow Money (M1) Index, SA","USA","United States","M","Monthly","2021-04","Apr-2021","IDX","Index","0","Units","2015_100","2015=100",626.6509,,
"MANM","Narrow Money (M1) Index, SA","USA","United States","M","Monthly","2021-05","May-2021","IDX","Index","0","Units","2015_100","2015=100",637.7051,,
"MANM","Narrow Money (M1) Index, SA","USA","United States","M","Monthly","2021-06","Jun-2021","IDX","Index","0","Units","2015_100","2015=100",640.7202,,
"MANM","Narrow Money (M1) Index, SA","USA","United States","M","Monthly","2021-07","Jul-2021","IDX","Index","0","Units","2015_100","2015=100",646.5253,,
"MANM","Narrow Money (M1) Index, SA","USA","United States","M","Monthly","2021-08","Aug-2021","IDX","Index","0","Units","2015_100","2015=100",653.1313,,
"MANM","Narrow Money (M1) Index, SA","USA","United States","M","Monthly","2021-09","Sep-2021","IDX","Index","0","Units","2015_100","2015=100",657.4901,,
"MANM","Narrow Money (M1) Index, SA","USA","United States","M","Monthly","2021-10","Oct-2021","IDX","Index","0","Units","2015_100","2015=100",663.09,,
"MANM","Narrow Money (M1) Index, SA","USA","United States","M","Monthly","2021-11","Nov-2021","IDX","Index","0","Units","2015_100","2015=100",670.2157,,
"MANM","Narrow Money (M1) Index, SA","USA","United States","M","Monthly","2021-12","Dec-2021","IDX","Index","0","Units","2015_100","2015=100",678.3442,,
"MANM","Narrow Money (M1) Index, SA","USA","United States","M","Monthly","2022-01","Jan-2022","IDX","Index","0","Units","2015_100","2015=100",678.6851,,
"MANM","Narrow Money (M1) Index, SA","USA","United States","M","Monthly","2022-02","Feb-2022","IDX","Index","0","Units","2015_100","2015=100",679.5886,,
"MANM","Narrow Money (M1) Index, SA","USA","United States","M","Monthly","2022-03","Mar-2022","IDX","Index","0","Units","2015_100","2015=100",683.9243,,
"MANM","Narrow Money (M1) Index, SA","USA","United States","M","Monthly","2022-04","Apr-2022","IDX","Index","0","Units","2015_100","2015=100",683.5006,,
"MANM","Narrow Money (M1) Index, SA","USA","United States","M","Monthly","2022-05","May-2022","IDX","Index","0","Units","2015_100","2015=100",683.0803,,
"MANM","Narrow Money (M1) Index, SA","USA","United States","M","Monthly","2022-06","Jun-2022","IDX","Index","0","Units","2015_100","2015=100",682.0576,,
"MANM","Narrow Money (M1) Index, SA","USA","United States","M","Monthly","2022-07","Jul-2022","IDX","Index","0","Units","2015_100","2015=100",681.399,,
"MANM","Narrow Money (M1) Index, SA","USA","United States","M","Monthly","2022-08","Aug-2022","IDX","Index","0","Units","2015_100","2015=100",677.765,,
"MANM","Narrow Money (M1) Index, SA","USA","United States","M","Monthly","2022-09","Sep-2022","IDX","Index","0","Units","2015_100","2015=100",671.1755,,
"MANM","Narrow Money (M1) Index, SA","USA","United States","M","Monthly","2022-10","Oct-2022","IDX","Index","0","Units","2015_100","2015=100",665.1983,,
"MANM","Narrow Money (M1) Index, SA","USA","United States","M","Monthly","2022-11","Nov-2022","IDX","Index","0","Units","2015_100","2015=100",660.8858,,
"MANM","Narrow Money (M1) Index, SA","USA","United States","M","Monthly","2022-12","Dec-2022","IDX","Index","0","Units","2015_100","2015=100",656.3284,,
"MANM","Narrow Money (M1) Index, SA","USA","United States","M","Monthly","2023-01","Jan-2023","IDX","Index","0","Units","2015_100","2015=100",647.7399,,
"MANM","Narrow Money (M1) Index, SA","USA","United States","M","Monthly","2023-02","Feb-2023","IDX","Index","0","Units","2015_100","2015=100",639.9755,,
